customer_id,customer_name,gender,age,city,join_date,region
1,Customer_1,Male,29,Kolkata,11/22/2020,South
2,Customer_2,Female,34,Delhi,8/9/2021,North
3,Customer_3,Female,40,Delhi,11/26/2019,North
4,Customer_4,Male,48,Mumbai,11/27/2019,East
5,Customer_5,Male,44,Bangalore,2/7/2021,West
6,Customer_6,Male,30,Chennai,5/21/2022,West
7,Customer_7,Male,33,Bangalore,1/24/2020,North
8,Customer_8,Female,31,Delhi,12/23/2019,West
9,Customer_9,Female,37,Kolkata,2/6/2024,East
10,Customer_10,Female,26,Delhi,8/31/2024,East
11,Customer_11,Female,36,Bangalore,7/6/2021,East
12,Customer_12,Male,57,Delhi,3/10/2022,North
13,Customer_13,Female,30,Chennai,8/9/2022,North
14,Customer_14,Female,47,Kolkata,5/24/2023,West
15,Customer_15,Female,20,Delhi,10/18/2019,East
16,Customer_16,Male,55,Delhi,9/2/2020,North
17,Customer_17,Male,44,Chennai,2/7/2023,East
18,Customer_18,Male,34,Delhi,2/22/2023,East
19,Customer_19,Male,39,Bangalore,11/26/2024,East
20,Customer_20,Male,25,Delhi,2/25/2022,South
21,Customer_21,Female,18,Chennai,10/20/2022,East
22,Customer_22,Female,54,Chennai,9/15/2023,North
23,Customer_23,Male,30,Mumbai,11/2/2021,North
24,Customer_24,Male,44,Kolkata,8/28/2024,South
25,Customer_25,Female,37,Chennai,6/23/2020,North
26,Customer_26,Female,45,Bangalore,11/6/2024,East
27,Customer_27,Female,22,Mumbai,2/8/2020,East
28,Customer_28,Female,56,Delhi,5/4/2022,South
29,Customer_29,Female,27,Chennai,6/22/2024,East
30,Customer_30,Female,42,Bangalore,12/5/2020,East
31,Customer_31,Female,34,Kolkata,1/14/2023,East
32,Customer_32,Male,59,Chennai,11/29/2019,North
33,Customer_33,Female,18,Kolkata,1/27/2022,West
34,Customer_34,Female,57,Bangalore,2/12/2022,West
35,Customer_35,Female,51,Delhi,9/20/2021,West
36,Customer_36,Male,52,Chennai,4/22/2023,South
37,Customer_37,Female,55,Mumbai,12/10/2019,West
38,Customer_38,Male,29,Bangalore,11/26/2019,West
39,Customer_39,Male,25,Kolkata,8/14/2021,South
40,Customer_40,Female,59,Bangalore,5/25/2020,South
41,Customer_41,Male,59,Delhi,7/25/2023,West
42,Customer_42,Female,48,Kolkata,7/11/2019,North
43,Customer_43,Female,49,Delhi,4/1/2020,North
44,Customer_44,Female,55,Bangalore,6/21/2021,East
45,Customer_45,Male,31,Mumbai,2/8/2021,South
46,Customer_46,Female,21,Kolkata,1/24/2022,North
47,Customer_47,Male,59,Chennai,8/28/2021,South
48,Customer_48,Female,33,Delhi,6/8/2023,West
49,Customer_49,Female,48,Kolkata,3/15/2024,East
50,Customer_50,Male,48,Mumbai,5/24/2020,North
51,Customer_51,Female,42,Chennai,4/6/2021,West
52,Customer_52,Male,56,Bangalore,9/20/2024,North
53,Customer_53,Male,38,Delhi,6/11/2022,West
54,Customer_54,Female,23,Chennai,6/9/2019,North
55,Customer_55,Male,47,Chennai,7/16/2023,West
56,Customer_56,Female,41,Delhi,5/18/2024,South
57,Customer_57,Female,49,Bangalore,6/29/2024,South
58,Customer_58,Male,56,Bangalore,2/12/2022,South
59,Customer_59,Male,53,Delhi,3/22/2019,East
60,Customer_60,Female,52,Delhi,1/23/2021,North
61,Customer_61,Female,23,Kolkata,3/6/2019,North
62,Customer_62,Male,25,Mumbai,4/13/2024,West
63,Customer_63,Female,25,Delhi,6/19/2023,South
64,Customer_64,Female,34,Chennai,11/5/2019,South
65,Customer_65,Female,37,Mumbai,9/14/2021,East
66,Customer_66,Female,18,Chennai,2/6/2020,North
67,Customer_67,Male,19,Chennai,8/23/2024,East
68,Customer_68,Male,31,Delhi,11/11/2022,South
69,Customer_69,Male,36,Bangalore,1/9/2024,South
70,Customer_70,Male,49,Chennai,3/15/2021,North
71,Customer_71,Male,46,Chennai,6/19/2022,West
72,Customer_72,Female,25,Chennai,2/8/2019,East
73,Customer_73,Female,35,Kolkata,9/2/2020,East
74,Customer_74,Female,21,Kolkata,9/4/2022,East
75,Customer_75,Male,25,Delhi,9/11/2021,West
76,Customer_76,Female,50,Delhi,7/7/2020,West
77,Customer_77,Female,37,Kolkata,7/1/2023,West
78,Customer_78,Female,47,Delhi,2/6/2022,East
79,Customer_79,Male,29,Chennai,10/4/2024,North
80,Customer_80,Female,50,Mumbai,6/13/2019,West
81,Customer_81,Male,32,Mumbai,6/9/2024,North
82,Customer_82,Female,23,Delhi,4/12/2024,North
83,Customer_83,Female,39,Kolkata,12/14/2022,North
84,Customer_84,Male,31,Bangalore,7/14/2022,North
85,Customer_85,Male,41,Kolkata,9/6/2020,North
86,Customer_86,Female,55,Delhi,11/28/2021,South
87,Customer_87,Male,56,Bangalore,9/25/2019,North
88,Customer_88,Female,55,Mumbai,6/6/2020,West
89,Customer_89,Female,47,Kolkata,1/13/2021,East
90,Customer_90,Female,26,Chennai,3/2/2024,South
91,Customer_91,Male,38,Chennai,11/14/2022,East
92,Customer_92,Male,42,Chennai,8/12/2024,South
93,Customer_93,Male,40,Chennai,12/31/2019,West
94,Customer_94,Male,20,Mumbai,6/6/2021,West
95,Customer_95,Male,24,Bangalore,9/30/2024,West
96,Customer_96,Female,49,Delhi,3/24/2019,West
97,Customer_97,Male,53,Chennai,1/29/2022,East
98,Customer_98,Female,52,Chennai,11/24/2024,North
99,Customer_99,Female,51,Kolkata,9/16/2020,North
100,Customer_100,Female,23,Chennai,1/2/2022,East
101,Customer_101,Female,53,Mumbai,11/2/2024,West
102,Customer_102,Male,29,Kolkata,8/19/2021,North
103,Customer_103,Female,44,Delhi,6/20/2024,East
104,Customer_104,Female,31,Mumbai,8/23/2022,West
105,Customer_105,Female,51,Kolkata,6/8/2020,East
106,Customer_106,Female,36,Kolkata,12/20/2021,South
107,Customer_107,Female,35,Bangalore,6/25/2022,South
108,Customer_108,Male,39,Mumbai,11/11/2020,West
109,Customer_109,Female,27,Mumbai,2/14/2023,West
110,Customer_110,Male,52,Delhi,1/26/2024,West
111,Customer_111,Male,27,Bangalore,3/22/2019,East
112,Customer_112,Male,32,Delhi,8/1/2019,West
113,Customer_113,Female,54,Bangalore,7/17/2022,East
114,Customer_114,Female,38,Kolkata,12/23/2019,North
115,Customer_115,Male,43,Bangalore,12/28/2022,South
116,Customer_116,Male,22,Chennai,3/8/2021,South
117,Customer_117,Male,24,Chennai,1/15/2024,North
118,Customer_118,Female,24,Kolkata,4/29/2023,South
119,Customer_119,Female,24,Chennai,5/13/2024,West
120,Customer_120,Female,35,Delhi,6/28/2024,East
121,Customer_121,Female,30,Chennai,2/26/2024,East
122,Customer_122,Female,45,Mumbai,6/15/2024,West
123,Customer_123,Male,28,Chennai,9/10/2019,North
124,Customer_124,Male,52,Bangalore,2/16/2019,West
125,Customer_125,Male,22,Bangalore,1/6/2020,East
126,Customer_126,Male,48,Delhi,6/16/2021,South
127,Customer_127,Male,40,Chennai,4/5/2024,East
128,Customer_128,Female,59,Kolkata,3/18/2021,West
129,Customer_129,Male,27,Bangalore,11/24/2024,North
130,Customer_130,Male,30,Kolkata,3/14/2019,North
131,Customer_131,Male,42,Bangalore,1/7/2022,East
132,Customer_132,Male,51,Bangalore,8/22/2021,West
133,Customer_133,Male,36,Delhi,3/29/2024,North
134,Customer_134,Female,48,Mumbai,2/8/2022,West
135,Customer_135,Male,47,Bangalore,6/20/2024,South
136,Customer_136,Female,39,Delhi,5/31/2024,West
137,Customer_137,Female,37,Chennai,11/17/2023,West
138,Customer_138,Male,50,Delhi,10/23/2019,East
139,Customer_139,Female,23,Delhi,3/3/2019,South
140,Customer_140,Female,37,Delhi,2/18/2021,East
141,Customer_141,Male,46,Mumbai,6/18/2019,West
142,Customer_142,Male,44,Mumbai,6/27/2021,North
143,Customer_143,Female,56,Kolkata,11/6/2023,West
144,Customer_144,Female,42,Bangalore,2/16/2022,South
145,Customer_145,Female,53,Chennai,11/1/2019,East
146,Customer_146,Male,25,Delhi,11/10/2023,West
147,Customer_147,Male,54,Kolkata,4/28/2024,North
148,Customer_148,Female,33,Chennai,8/30/2021,West
149,Customer_149,Male,20,Bangalore,5/15/2022,West
150,Customer_150,Male,55,Chennai,10/24/2020,North
151,Customer_151,Male,25,Kolkata,10/4/2023,South
152,Customer_152,Male,46,Chennai,1/26/2023,East
153,Customer_153,Male,24,Mumbai,11/12/2024,South
154,Customer_154,Male,40,Chennai,2/24/2019,South
155,Customer_155,Female,36,Kolkata,9/15/2021,East
156,Customer_156,Female,19,Bangalore,10/26/2020,North
157,Customer_157,Male,29,Chennai,7/10/2022,East
158,Customer_158,Female,54,Kolkata,12/1/2020,South
159,Customer_159,Female,24,Delhi,7/1/2024,West
160,Customer_160,Male,27,Kolkata,7/9/2020,North
161,Customer_161,Female,42,Chennai,12/6/2023,South
162,Customer_162,Female,37,Delhi,6/1/2022,West
163,Customer_163,Male,27,Delhi,5/11/2022,South
164,Customer_164,Male,30,Bangalore,1/3/2023,East
165,Customer_165,Male,57,Delhi,3/28/2023,North
166,Customer_166,Male,20,Chennai,4/20/2020,East
167,Customer_167,Female,26,Chennai,3/23/2019,East
168,Customer_168,Female,28,Delhi,12/20/2023,West
169,Customer_169,Female,55,Bangalore,10/18/2021,South
170,Customer_170,Male,56,Delhi,6/17/2019,South
171,Customer_171,Male,58,Mumbai,7/3/2024,East
172,Customer_172,Male,18,Chennai,7/8/2022,North
173,Customer_173,Male,20,Kolkata,8/14/2020,South
174,Customer_174,Female,51,Mumbai,5/12/2024,East
175,Customer_175,Female,47,Delhi,4/2/2022,North
176,Customer_176,Female,18,Kolkata,5/2/2021,South
177,Customer_177,Female,18,Delhi,2/17/2023,North
178,Customer_178,Female,32,Delhi,9/2/2021,East
179,Customer_179,Female,59,Bangalore,3/8/2021,East
180,Customer_180,Male,45,Kolkata,6/28/2024,West
181,Customer_181,Male,37,Mumbai,6/7/2022,South
182,Customer_182,Female,21,Bangalore,6/16/2024,South
183,Customer_183,Male,45,Chennai,2/19/2020,West
184,Customer_184,Male,43,Chennai,8/22/2023,East
185,Customer_185,Male,18,Delhi,10/3/2023,South
186,Customer_186,Male,34,Chennai,7/26/2023,East
187,Customer_187,Male,51,Kolkata,10/13/2021,North
188,Customer_188,Female,50,Delhi,5/28/2023,North
189,Customer_189,Male,26,Delhi,11/30/2021,East
190,Customer_190,Male,38,Delhi,3/2/2021,West
191,Customer_191,Female,29,Mumbai,9/25/2022,North
192,Customer_192,Female,30,Bangalore,6/27/2023,West
193,Customer_193,Female,58,Kolkata,4/7/2021,South
194,Customer_194,Male,48,Mumbai,9/20/2021,North
195,Customer_195,Female,45,Chennai,7/4/2020,West
196,Customer_196,Male,19,Mumbai,12/3/2021,West
197,Customer_197,Male,59,Mumbai,1/13/2019,North
198,Customer_198,Female,42,Bangalore,4/30/2020,South
199,Customer_199,Male,43,Chennai,3/8/2022,North
200,Customer_200,Female,22,Mumbai,3/23/2022,North
201,Customer_201,Male,49,Mumbai,4/29/2019,North
202,Customer_202,Female,31,Bangalore,2/24/2019,West
203,Customer_203,Male,24,Bangalore,6/24/2019,North
204,Customer_204,Female,58,Chennai,12/24/2019,North
205,Customer_205,Male,33,Kolkata,8/27/2024,West
206,Customer_206,Male,56,Delhi,12/19/2019,East
207,Customer_207,Female,59,Bangalore,6/22/2020,East
208,Customer_208,Male,26,Mumbai,4/9/2024,North
209,Customer_209,Female,24,Delhi,11/19/2023,North
210,Customer_210,Female,47,Delhi,12/3/2023,North
211,Customer_211,Female,48,Bangalore,3/18/2021,North
212,Customer_212,Male,59,Kolkata,6/13/2019,North
213,Customer_213,Male,23,Bangalore,5/30/2022,West
214,Customer_214,Female,59,Bangalore,2/16/2020,North
215,Customer_215,Male,30,Bangalore,6/1/2023,North
216,Customer_216,Male,53,Delhi,6/4/2022,South
217,Customer_217,Male,44,Chennai,10/9/2021,South
218,Customer_218,Male,22,Delhi,2/28/2020,North
219,Customer_219,Male,45,Kolkata,12/2/2024,North
220,Customer_220,Male,31,Mumbai,8/23/2022,North
221,Customer_221,Male,54,Kolkata,9/9/2022,East
222,Customer_222,Female,53,Bangalore,1/23/2022,South
223,Customer_223,Male,45,Mumbai,9/24/2024,North
224,Customer_224,Male,43,Kolkata,5/11/2022,North
225,Customer_225,Female,55,Bangalore,9/22/2024,West
226,Customer_226,Male,57,Delhi,11/25/2023,South
227,Customer_227,Male,19,Mumbai,2/6/2020,East
228,Customer_228,Female,37,Chennai,1/18/2020,South
229,Customer_229,Male,34,Kolkata,12/21/2023,East
230,Customer_230,Male,59,Bangalore,4/4/2023,East
231,Customer_231,Female,46,Chennai,9/30/2022,East
232,Customer_232,Male,43,Delhi,1/23/2024,North
233,Customer_233,Male,57,Kolkata,1/19/2019,North
234,Customer_234,Female,37,Mumbai,6/6/2024,North
235,Customer_235,Female,43,Mumbai,4/16/2024,South
236,Customer_236,Male,25,Delhi,8/16/2024,East
237,Customer_237,Female,39,Chennai,7/6/2024,East
238,Customer_238,Male,22,Kolkata,10/26/2024,East
239,Customer_239,Female,56,Kolkata,1/29/2023,East
240,Customer_240,Male,51,Bangalore,4/6/2023,East
241,Customer_241,Male,46,Delhi,11/12/2023,West
242,Customer_242,Female,41,Kolkata,1/28/2022,North
243,Customer_243,Male,23,Chennai,5/30/2020,South
244,Customer_244,Male,29,Chennai,2/13/2022,West
245,Customer_245,Male,27,Chennai,10/4/2024,North
246,Customer_246,Male,56,Delhi,9/15/2023,West
247,Customer_247,Male,56,Delhi,4/29/2022,North
248,Customer_248,Female,58,Bangalore,1/26/2021,South
249,Customer_249,Female,57,Kolkata,10/18/2024,West
250,Customer_250,Male,21,Bangalore,7/29/2019,East
