product_id,order_id,product_name,category,quantity,price,discount
1,1154,Smartwatch,Electronics,2,2404,5
2,1224,Smartwatch,Accessories,1,3006,13
3,1216,T-shirt,Accessories,1,1569,5
4,1150,T-shirt,Fashion,3,2548,15
5,1208,Smartwatch,Electronics,3,816,10
6,1039,T-shirt,Electronics,2,2297,4
7,1175,Phone,Fashion,4,3972,16
8,1249,Headphones,Fashion,4,1747,11
9,1227,Phone,Accessories,3,1131,3
10,1014,Watch,Accessories,3,1957,5
11,1167,Headphones,Electronics,2,4023,6
12,1014,T-shirt,Fashion,3,852,12
13,1098,Laptop,Fashion,4,4027,15
14,1249,T-shirt,Fashion,3,2496,9
15,1017,Shoes,Fashion,3,385,3
16,1073,Watch,Fashion,2,2344,6
17,1119,Phone,Fashion,2,3361,13
18,1062,Camera,Fashion,4,1654,18
19,1166,Camera,Accessories,3,3628,15
20,1106,Watch,Accessories,2,4741,13
21,1094,Shoes,Accessories,1,1706,18
22,1244,T-shirt,Accessories,3,3827,8
23,1080,Bag,Accessories,2,1694,4
24,1011,Smartwatch,Accessories,3,4731,0
25,1118,Smartwatch,Accessories,3,3495,14
26,1038,Shoes,Fashion,2,1887,13
27,1059,Bag,Fashion,2,1122,15
28,1027,Jeans,Electronics,2,4136,9
29,1157,Smartwatch,Electronics,2,4792,17
30,1068,Watch,Electronics,2,1754,6
31,1196,Bag,Fashion,3,1551,19
32,1152,Bag,Fashion,3,4269,8
33,1035,Phone,Electronics,3,1849,3
34,1125,Camera,Electronics,4,2546,1
35,1053,Headphones,Accessories,1,305,1
36,1204,Bag,Accessories,3,2303,14
37,1129,Headphones,Electronics,4,862,12
38,1225,Laptop,Electronics,2,2634,5
39,1072,Phone,Accessories,1,4622,16
40,1128,Camera,Accessories,1,3971,10
41,1249,Bag,Fashion,3,1360,16
42,1097,T-shirt,Electronics,3,2870,8
43,1172,Smartwatch,Electronics,1,2665,9
44,1248,Bag,Electronics,2,2396,18
45,1132,Headphones,Electronics,3,2613,15
46,1128,Camera,Accessories,1,3332,19
47,1048,T-shirt,Fashion,2,523,17
48,1008,Phone,Accessories,1,4080,4
49,1065,Bag,Electronics,3,2163,16
50,1104,Laptop,Electronics,1,3742,10
51,1082,Smartwatch,Fashion,3,2774,14
52,1055,Laptop,Electronics,2,4838,3
53,1083,Headphones,Electronics,1,2346,6
54,1235,Watch,Electronics,3,4109,0
55,1128,Phone,Fashion,4,4860,1
56,1208,Laptop,Electronics,3,3816,1
57,1162,Bag,Electronics,3,1654,1
58,1010,Bag,Accessories,1,4358,13
59,1105,Headphones,Accessories,4,1446,10
60,1040,Camera,Accessories,2,1311,19
61,1068,Laptop,Accessories,1,4721,17
62,1130,Laptop,Accessories,3,1644,3
63,1031,T-shirt,Electronics,4,3780,12
64,1079,Watch,Accessories,3,426,1
65,1237,T-shirt,Electronics,2,2379,15
66,1148,Phone,Electronics,2,3215,6
67,1090,Smartwatch,Fashion,1,4153,17
68,1111,Jeans,Electronics,4,3055,19
69,1134,Bag,Electronics,1,1120,8
70,1021,Jeans,Electronics,2,2055,19
71,1234,Jeans,Fashion,3,1302,13
72,1003,Bag,Accessories,4,4222,13
73,1218,Smartwatch,Fashion,2,394,7
74,1200,Camera,Fashion,3,3497,16
75,1133,Shoes,Electronics,3,747,0
76,1030,Laptop,Electronics,3,1212,1
77,1063,Laptop,Fashion,1,4067,2
78,1105,Phone,Electronics,3,2138,2
79,1122,Bag,Fashion,3,2435,19
80,1047,Shoes,Electronics,2,2346,8
81,1095,T-shirt,Electronics,2,2584,16
82,1246,Camera,Fashion,4,1999,9
83,1144,Phone,Fashion,3,2590,18
84,1203,Smartwatch,Electronics,4,1494,19
85,1231,Headphones,Accessories,4,1669,2
86,1161,T-shirt,Fashion,4,4417,16
87,1148,Phone,Fashion,1,764,12
88,1002,Watch,Electronics,3,791,0
89,1184,Camera,Accessories,3,978,2
90,1070,T-shirt,Accessories,3,568,2
91,1073,Jeans,Fashion,3,4456,13
92,1003,Headphones,Electronics,1,3295,4
93,1212,Shoes,Electronics,1,2884,2
94,1095,Laptop,Fashion,1,1034,7
95,1187,Laptop,Fashion,2,4254,17
96,1082,Phone,Fashion,4,1437,5
97,1224,Bag,Electronics,2,4236,0
98,1103,Smartwatch,Accessories,2,2515,5
99,1236,Bag,Accessories,4,4885,2
100,1186,Bag,Accessories,1,348,7
101,1128,Bag,Accessories,3,2438,16
102,1114,Bag,Electronics,3,3546,4
103,1081,Headphones,Fashion,2,4614,10
104,1083,Bag,Accessories,4,4176,13
105,1226,Headphones,Accessories,4,4121,17
106,1237,Shoes,Accessories,4,2337,1
107,1209,Jeans,Fashion,4,1624,19
108,1084,Watch,Accessories,2,938,12
109,1099,Bag,Accessories,2,2403,15
110,1022,Smartwatch,Fashion,1,2257,1
111,1009,Headphones,Fashion,3,3755,16
112,1188,Camera,Fashion,4,4310,7
113,1146,Watch,Accessories,3,337,19
114,1131,Jeans,Accessories,1,2151,17
115,1107,Watch,Electronics,3,1044,7
116,1079,Shoes,Fashion,4,1298,4
117,1151,Phone,Electronics,3,564,17
118,1060,Watch,Fashion,1,3578,3
119,1225,Watch,Accessories,1,2573,15
120,1030,Laptop,Electronics,4,302,2
121,1064,Phone,Accessories,2,1845,11
122,1046,Watch,Fashion,1,2556,19
123,1046,Laptop,Fashion,1,3959,7
124,1118,Bag,Fashion,4,3450,5
125,1121,Bag,Fashion,2,787,16
126,1085,Smartwatch,Accessories,2,4931,14
127,1192,Headphones,Accessories,4,2847,18
128,1053,Watch,Electronics,4,4126,17
129,1130,Watch,Accessories,1,944,7
130,1114,Laptop,Fashion,2,957,3
131,1114,Phone,Fashion,3,496,5
132,1155,Headphones,Accessories,4,1731,7
133,1095,Watch,Accessories,1,3682,18
134,1192,Smartwatch,Electronics,2,581,7
135,1166,Bag,Electronics,1,758,18
136,1201,Laptop,Electronics,1,3209,17
137,1172,Phone,Fashion,4,1394,5
138,1197,Laptop,Fashion,2,3914,17
139,1063,Shoes,Electronics,1,4910,8
140,1138,Laptop,Accessories,2,989,17
141,1144,Headphones,Fashion,3,4920,10
142,1115,Laptop,Electronics,2,1331,9
143,1153,Smartwatch,Electronics,3,2495,3
144,1025,Watch,Fashion,4,345,12
145,1016,Camera,Electronics,2,580,19
146,1107,Headphones,Electronics,3,4029,15
147,1131,Shoes,Accessories,2,3606,10
148,1240,Shoes,Electronics,4,2855,10
149,1207,Smartwatch,Fashion,2,2594,10
150,1189,Smartwatch,Fashion,2,3297,8
151,1096,Phone,Accessories,4,2759,14
152,1076,Bag,Electronics,2,410,12
153,1012,Jeans,Electronics,3,2848,5
154,1242,Headphones,Electronics,3,4714,14
155,1011,Headphones,Fashion,1,360,7
156,1039,Bag,Accessories,4,1204,11
157,1035,Jeans,Fashion,1,1829,13
158,1140,Watch,Accessories,1,3754,10
159,1018,Headphones,Fashion,2,4597,19
160,1094,Bag,Electronics,2,4435,13
161,1090,Phone,Accessories,3,1544,15
162,1020,Phone,Fashion,1,3382,5
163,1120,Watch,Fashion,4,1497,8
164,1131,Laptop,Electronics,2,1117,5
165,1005,Camera,Fashion,1,1841,12
166,1151,Phone,Accessories,3,3401,10
167,1144,Bag,Accessories,4,4026,3
168,1155,Bag,Fashion,2,660,3
169,1234,Smartwatch,Fashion,2,3695,0
170,1024,T-shirt,Fashion,2,1020,13
171,1199,Headphones,Accessories,3,2580,2
172,1008,Phone,Accessories,3,1838,15
173,1194,Laptop,Electronics,4,1651,2
174,1245,Shoes,Fashion,2,4243,3
175,1098,Headphones,Electronics,4,3280,2
176,1092,Smartwatch,Electronics,4,3530,17
177,1093,Laptop,Electronics,4,3537,14
178,1178,Bag,Fashion,3,4722,10
179,1223,Camera,Accessories,2,2447,16
180,1056,Watch,Electronics,4,2633,9
181,1047,Bag,Fashion,4,1700,8
182,1067,Laptop,Electronics,3,4703,13
183,1075,Camera,Fashion,2,2278,5
184,1237,Camera,Electronics,4,2450,11
185,1128,Smartwatch,Fashion,4,2214,3
186,1065,Headphones,Electronics,2,4496,10
187,1141,Bag,Accessories,1,1170,18
188,1054,Laptop,Fashion,2,2917,9
189,1026,Bag,Accessories,1,4603,17
190,1074,Smartwatch,Accessories,1,2769,11
191,1036,T-shirt,Fashion,4,4665,14
192,1047,Phone,Fashion,4,1477,5
193,1239,T-shirt,Fashion,1,4307,17
194,1191,Phone,Fashion,1,4881,15
195,1054,Headphones,Fashion,3,3857,7
196,1126,Headphones,Fashion,2,3175,4
197,1191,Laptop,Fashion,4,2930,8
198,1201,Shoes,Fashion,3,2070,8
199,1197,Smartwatch,Fashion,1,2045,1
200,1051,T-shirt,Accessories,4,3362,6
201,1177,Phone,Accessories,4,1005,15
202,1212,Camera,Fashion,3,841,1
203,1125,T-shirt,Fashion,2,1329,5
204,1149,Shoes,Fashion,3,2344,8
205,1189,Smartwatch,Electronics,3,3321,1
206,1075,Jeans,Fashion,2,2274,16
207,1207,Headphones,Accessories,1,3604,5
208,1058,Phone,Fashion,2,3941,3
209,1171,Bag,Electronics,3,2856,11
210,1250,T-shirt,Fashion,4,1432,15
211,1173,Smartwatch,Accessories,1,339,4
212,1240,Watch,Electronics,3,459,2
213,1003,Watch,Fashion,4,1237,19
214,1103,Camera,Fashion,2,3192,6
215,1142,Laptop,Accessories,2,1944,5
216,1055,T-shirt,Fashion,4,3600,4
217,1080,T-shirt,Accessories,2,3874,10
218,1039,Watch,Fashion,3,940,12
219,1243,Jeans,Fashion,2,2666,1
220,1110,Laptop,Accessories,2,1101,6
221,1244,Watch,Fashion,1,3612,15
222,1227,Shoes,Fashion,2,822,0
223,1149,Smartwatch,Fashion,3,2517,16
224,1102,Watch,Electronics,2,4961,2
225,1243,Camera,Electronics,3,1215,15
226,1241,T-shirt,Accessories,3,4495,8
227,1090,Bag,Accessories,2,3324,2
228,1185,Bag,Accessories,4,2970,7
229,1214,Phone,Electronics,3,1944,1
230,1067,Bag,Fashion,3,4480,10
231,1153,Laptop,Fashion,3,4120,8
232,1027,Laptop,Fashion,1,875,6
233,1227,Headphones,Electronics,4,1711,8
234,1093,T-shirt,Fashion,2,4620,7
235,1113,Headphones,Fashion,1,2797,0
236,1056,Watch,Accessories,3,3094,2
237,1008,Smartwatch,Fashion,1,608,18
238,1042,Headphones,Accessories,3,375,0
239,1133,Phone,Electronics,3,1927,0
240,1218,Laptop,Fashion,2,1317,7
241,1143,Jeans,Accessories,1,2224,18
242,1069,Laptop,Accessories,2,3112,13
243,1146,Jeans,Accessories,2,3786,8
244,1053,Smartwatch,Electronics,3,1582,17
245,1238,Watch,Electronics,1,2175,1
246,1008,Laptop,Accessories,1,3175,16
247,1072,Laptop,Fashion,1,373,3
248,1086,Laptop,Fashion,4,4778,14
249,1202,Smartwatch,Accessories,2,1359,19
250,1026,Headphones,Fashion,4,2995,4
251,1245,T-shirt,Accessories,1,3818,19
252,1158,Laptop,Electronics,4,733,0
253,1238,Phone,Accessories,4,3893,9
254,1068,Phone,Fashion,1,2542,18
255,1111,Headphones,Accessories,1,3113,16
256,1071,Camera,Electronics,2,3467,6
257,1159,Headphones,Accessories,2,2442,5
258,1209,Jeans,Electronics,1,4946,18
259,1223,T-shirt,Fashion,4,1054,18
260,1100,Phone,Fashion,1,2281,0
261,1103,Jeans,Accessories,1,2214,18
262,1076,Bag,Accessories,2,4069,9
263,1037,Headphones,Accessories,1,4703,10
264,1161,Smartwatch,Accessories,4,2987,15
265,1151,Bag,Accessories,4,4495,0
266,1024,Shoes,Electronics,2,3019,13
267,1196,Jeans,Electronics,3,1335,13
268,1091,Bag,Fashion,1,2408,3
269,1191,Shoes,Fashion,4,748,13
270,1013,Watch,Accessories,4,2082,2
271,1059,Headphones,Electronics,4,3430,17
272,1116,T-shirt,Accessories,4,2589,1
273,1141,Headphones,Electronics,1,2912,13
274,1032,Watch,Fashion,2,564,14
275,1165,Phone,Fashion,1,3577,4
276,1050,Shoes,Accessories,4,3103,1
277,1002,Headphones,Accessories,4,888,14
278,1094,Camera,Accessories,3,966,8
279,1117,Bag,Fashion,3,3092,2
280,1021,Headphones,Accessories,4,2070,0
281,1230,Watch,Fashion,1,4065,10
282,1175,Shoes,Electronics,1,3515,10
283,1007,Headphones,Accessories,3,3889,9
284,1169,Phone,Electronics,4,2814,18
285,1197,Phone,Fashion,1,3379,4
286,1236,Smartwatch,Fashion,1,1209,15
287,1229,Laptop,Electronics,2,1277,19
288,1005,Shoes,Electronics,2,524,14
289,1001,Laptop,Electronics,3,3580,17
290,1119,Jeans,Accessories,3,2123,16
291,1190,T-shirt,Electronics,4,1029,18
292,1015,Bag,Electronics,1,3946,14
293,1146,Phone,Fashion,1,4464,8
294,1039,Smartwatch,Fashion,2,1113,11
295,1182,Smartwatch,Fashion,4,2899,16
296,1211,Jeans,Accessories,3,1482,10
297,1179,T-shirt,Accessories,2,1182,0
298,1021,Laptop,Fashion,4,3744,5
299,1055,Watch,Accessories,2,1648,5
300,1048,Camera,Fashion,1,2350,10
