order_id,customer_id,order_date,total_amount,payment_mode,order_status,delivery_date
1001,215,2022-12-01,16384,Net Banking,Pending,2023-12-15
1002,223,2022-05-12,11777,UPI,Delivered,2024-07-06
1003,6,2022-03-22,16423,COD,Pending,2022-06-25
1004,85,2023-03-06,11995,Debit Card,Cancelled,2024-07-22
1005,133,2024-12-23,15897,Credit Card,Returned,2022-08-27
1006,54,2023-09-19,3055,Debit Card,Returned,2022-04-14
1007,180,2023-09-18,17444,UPI,Returned,2024-03-31
1008,214,2022-10-23,14728,Debit Card,Returned,2023-11-16
1009,153,2024-04-24,10605,COD,Pending,2024-04-24
1010,119,2024-03-17,1621,Debit Card,Cancelled,2024-01-31
1011,201,2022-08-22,9429,UPI,Returned,2024-11-12
1012,164,2022-09-09,5826,Debit Card,Pending,2022-05-22
1013,219,2024-01-05,11925,UPI,Returned,2023-04-17
1014,119,2022-03-27,18286,Debit Card,Pending,2022-08-06
1015,120,2023-11-14,7456,Debit Card,Cancelled,2023-06-20
1016,198,2022-05-02,18185,UPI,Returned,2023-02-14
1017,96,2023-06-09,13385,Credit Card,Cancelled,2022-08-29
1018,224,2024-03-10,7954,Net Banking,Returned,2024-05-10
1019,67,2022-07-31,19966,Net Banking,Returned,2023-02-15
1020,3,2022-07-15,1585,Credit Card,Returned,2023-06-21
1021,28,2023-01-15,8451,Credit Card,Cancelled,2023-03-08
1022,145,2024-09-27,4447,Net Banking,Cancelled,2022-06-27
1023,166,2024-04-01,13239,Net Banking,Pending,2024-11-21
1024,58,2023-08-05,11457,Credit Card,Delivered,2023-03-09
1025,7,2022-11-23,11173,COD,Pending,2024-11-07
1026,232,2022-02-06,3742,UPI,Delivered,2022-03-19
1027,184,2024-10-01,5595,Net Banking,Delivered,2024-07-01
1028,125,2023-07-06,19754,UPI,Cancelled,2023-10-19
1029,230,2024-05-11,12941,Debit Card,Cancelled,2024-09-26
1030,4,2022-12-07,10547,Credit Card,Returned,2022-10-28
1031,123,2024-01-11,9219,UPI,Pending,2023-04-29
1032,98,2022-07-08,5384,COD,Delivered,2024-11-07
1033,43,2024-02-10,19680,Net Banking,Returned,2024-08-27
1034,105,2022-10-24,9885,COD,Cancelled,2024-06-23
1035,69,2023-08-27,17215,UPI,Returned,2022-05-22
1036,207,2023-01-05,2010,Debit Card,Delivered,2022-04-07
1037,56,2023-05-24,12541,Debit Card,Cancelled,2023-02-06
1038,242,2024-05-16,1191,UPI,Pending,2024-02-14
1039,185,2024-05-27,10582,Net Banking,Pending,2022-11-19
1040,1,2023-06-09,5863,Credit Card,Pending,2023-09-20
1041,156,2024-04-04,2763,Credit Card,Returned,2022-08-29
1042,58,2024-09-16,8213,UPI,Cancelled,2023-06-04
1043,11,2023-05-20,2361,COD,Cancelled,2022-08-31
1044,64,2024-01-15,10926,Debit Card,Pending,2022-04-03
1045,72,2022-11-25,10632,Debit Card,Cancelled,2024-01-25
1046,178,2023-12-05,18205,Credit Card,Returned,2024-10-15
1047,97,2023-09-12,10373,Credit Card,Delivered,2022-01-14
1048,52,2023-10-09,4606,Debit Card,Pending,2024-10-14
1049,61,2024-08-13,9508,Credit Card,Cancelled,2022-10-16
1050,199,2024-08-17,19684,UPI,Returned,2023-11-09
1051,193,2024-10-20,5695,UPI,Delivered,2023-11-16
1052,35,2022-05-09,8466,COD,Returned,2024-02-10
1053,86,2022-09-08,1171,Net Banking,Cancelled,2023-02-02
1054,111,2024-09-11,17804,Credit Card,Delivered,2022-11-20
1055,234,2023-07-23,19156,UPI,Pending,2024-02-28
1056,172,2023-04-13,13170,UPI,Returned,2024-04-04
1057,249,2023-11-19,14995,Net Banking,Returned,2023-09-12
1058,117,2023-02-06,10225,Credit Card,Returned,2024-05-31
1059,92,2024-02-22,4682,Net Banking,Cancelled,2023-08-24
1060,31,2024-01-30,4558,UPI,Pending,2022-05-22
1061,145,2024-06-24,4364,UPI,Pending,2024-03-15
1062,244,2023-08-26,625,Credit Card,Pending,2023-02-07
1063,246,2024-12-07,13783,Net Banking,Cancelled,2024-10-28
1064,232,2023-07-21,12483,Net Banking,Returned,2024-04-30
1065,43,2024-11-03,14247,Credit Card,Delivered,2022-02-28
1066,26,2024-04-02,9668,Credit Card,Pending,2022-01-31
1067,99,2023-06-18,6201,UPI,Pending,2022-08-25
1068,36,2022-09-05,12308,Net Banking,Delivered,2024-05-09
1069,141,2024-12-18,584,Credit Card,Pending,2022-11-19
1070,142,2022-08-05,7745,Debit Card,Delivered,2023-03-29
1071,120,2024-04-14,18291,Debit Card,Returned,2025-01-01
1072,117,2023-01-15,8993,Net Banking,Pending,2022-01-24
1073,204,2024-01-13,9449,UPI,Cancelled,2022-10-07
1074,207,2024-02-17,13602,Credit Card,Returned,2024-06-25
1075,100,2024-10-09,11194,Credit Card,Returned,2023-07-28
1076,9,2023-10-09,1594,Credit Card,Pending,2022-09-05
1077,130,2022-08-18,19942,Credit Card,Delivered,2022-04-24
1078,108,2024-08-06,12548,Debit Card,Pending,2023-09-12
1079,97,2024-11-15,10459,COD,Returned,2023-12-20
1080,124,2023-08-04,18337,Net Banking,Pending,2023-09-02
1081,190,2024-06-07,2931,Credit Card,Cancelled,2024-01-29
1082,5,2024-04-03,1415,Credit Card,Delivered,2024-12-21
1083,127,2023-04-11,995,COD,Cancelled,2023-09-04
1084,241,2023-02-16,15845,COD,Delivered,2023-11-23
1085,246,2023-01-10,19610,Credit Card,Delivered,2022-09-16
1086,92,2023-05-09,5653,Credit Card,Delivered,2023-03-08
1087,226,2022-03-05,18916,Debit Card,Pending,2024-03-08
1088,182,2022-02-07,18647,COD,Delivered,2023-06-21
1089,215,2024-11-07,4839,Credit Card,Cancelled,2023-08-16
1090,44,2023-02-08,3435,Credit Card,Delivered,2024-02-19
1091,65,2023-11-23,16629,UPI,Pending,2022-06-20
1092,54,2022-04-30,7305,Debit Card,Returned,2023-06-15
1093,177,2024-06-12,1844,Net Banking,Pending,2023-12-21
1094,36,2023-04-07,18564,Net Banking,Delivered,2023-10-30
1095,41,2022-08-05,19317,UPI,Pending,2023-09-25
1096,234,2024-08-12,17693,Credit Card,Cancelled,2024-08-10
1097,86,2023-09-16,14139,Credit Card,Cancelled,2024-10-04
1098,226,2022-12-19,9166,Debit Card,Delivered,2023-02-08
1099,218,2022-12-26,3985,UPI,Delivered,2024-11-02
1100,202,2024-04-29,11951,Net Banking,Cancelled,2024-06-21
1101,246,2024-12-09,15804,Debit Card,Pending,2023-12-15
1102,217,2022-07-16,17004,Debit Card,Cancelled,2024-09-08
1103,131,2023-02-13,13113,COD,Delivered,2022-07-22
1104,227,2024-12-12,19364,UPI,Returned,2023-08-21
1105,67,2022-01-01,19815,UPI,Delivered,2023-07-19
1106,59,2024-08-09,8536,UPI,Cancelled,2023-11-06
1107,144,2022-02-03,12778,COD,Returned,2024-06-06
1108,115,2023-02-26,19855,Credit Card,Cancelled,2024-10-16
1109,62,2023-03-25,18901,Net Banking,Pending,2023-12-18
1110,97,2023-12-23,18782,Credit Card,Delivered,2023-06-27
1111,147,2023-07-04,11189,Debit Card,Delivered,2023-09-01
1112,243,2022-09-21,16048,UPI,Returned,2024-09-13
1113,212,2024-07-17,2149,COD,Delivered,2024-05-12
1114,30,2024-11-20,6463,Net Banking,Pending,2024-02-08
1115,164,2024-11-09,17103,Credit Card,Pending,2024-12-31
1116,227,2023-03-06,18280,Net Banking,Cancelled,2022-07-12
1117,69,2023-03-17,1133,Credit Card,Delivered,2023-07-01
1118,13,2022-08-18,8312,COD,Returned,2024-01-13
1119,174,2023-12-20,3046,Debit Card,Delivered,2022-12-13
1120,40,2023-06-05,4005,Debit Card,Returned,2023-08-18
1121,69,2022-01-27,14568,COD,Returned,2022-02-28
1122,69,2024-11-14,5911,Debit Card,Delivered,2022-07-02
1123,236,2022-08-07,5103,Credit Card,Cancelled,2023-04-09
1124,93,2024-07-20,13466,Debit Card,Delivered,2023-04-05
1125,212,2024-12-13,2137,Debit Card,Delivered,2023-05-26
1126,177,2023-05-12,576,Credit Card,Returned,2023-07-21
1127,111,2024-01-28,2344,Credit Card,Delivered,2023-02-18
1128,66,2023-03-13,13378,Net Banking,Returned,2023-05-26
1129,126,2022-03-19,8290,Debit Card,Pending,2024-01-20
1130,198,2022-07-29,1958,Credit Card,Cancelled,2024-08-27
1131,161,2022-04-30,8366,Debit Card,Returned,2024-07-25
1132,33,2022-05-21,13016,Net Banking,Pending,2022-08-13
1133,192,2024-12-16,4001,Debit Card,Delivered,2024-06-20
1134,198,2022-01-18,7867,Net Banking,Cancelled,2022-04-01
1135,131,2022-07-05,18861,Debit Card,Delivered,2024-09-29
1136,52,2024-02-02,6847,Net Banking,Pending,2022-08-29
1137,118,2024-05-08,11374,COD,Pending,2022-06-01
1138,22,2024-02-15,8854,Net Banking,Cancelled,2022-04-30
1139,223,2023-02-04,13728,COD,Cancelled,2024-01-19
1140,233,2024-08-21,927,COD,Returned,2022-04-03
1141,2,2024-12-18,6398,Net Banking,Pending,2023-08-08
1142,214,2024-01-25,10162,Debit Card,Delivered,2023-06-19
1143,46,2024-10-14,18526,Net Banking,Cancelled,2024-06-12
1144,24,2023-08-19,9133,COD,Cancelled,2023-06-06
1145,68,2023-06-08,8672,UPI,Delivered,2023-10-29
1146,41,2022-01-03,3750,Net Banking,Returned,2023-11-14
1147,85,2024-10-30,17119,Net Banking,Delivered,2023-12-20
1148,179,2023-05-26,1216,Credit Card,Delivered,2022-06-19
1149,214,2024-04-03,15409,COD,Pending,2023-06-28
1150,26,2022-12-19,15473,Credit Card,Pending,2022-04-22
1151,127,2022-08-31,15286,UPI,Cancelled,2023-08-27
1152,22,2022-07-04,17846,Net Banking,Returned,2022-03-15
1153,176,2023-03-01,13276,Debit Card,Cancelled,2024-06-21
1154,100,2022-05-11,16837,COD,Delivered,2023-12-31
1155,218,2022-03-06,7232,Credit Card,Pending,2023-10-29
1156,123,2022-06-18,19802,COD,Returned,2022-01-13
1157,202,2023-12-14,9331,Net Banking,Cancelled,2022-04-10
1158,72,2024-01-07,16658,Debit Card,Delivered,2024-09-08
1159,189,2023-02-02,17268,Credit Card,Delivered,2025-01-03
1160,197,2022-03-01,17942,Debit Card,Pending,2024-05-29
1161,119,2023-12-08,3130,Net Banking,Delivered,2023-11-09
1162,126,2023-04-28,3136,Credit Card,Delivered,2024-06-16
1163,143,2024-09-13,3841,Debit Card,Returned,2022-02-15
1164,40,2022-03-20,19950,Net Banking,Returned,2023-11-24
1165,1,2022-11-04,13461,UPI,Cancelled,2023-03-26
1166,190,2022-07-02,17310,COD,Pending,2023-05-31
1167,139,2022-04-28,11021,Debit Card,Delivered,2023-04-05
1168,145,2022-02-02,11273,Debit Card,Returned,2022-06-18
1169,47,2022-11-05,1550,Credit Card,Cancelled,2024-12-22
1170,161,2023-10-24,12376,Credit Card,Delivered,2024-03-04
1171,43,2024-06-14,1390,Debit Card,Delivered,2024-02-03
1172,168,2023-05-17,6651,COD,Delivered,2022-08-10
1173,73,2023-12-31,1440,UPI,Pending,2022-05-09
1174,26,2023-12-05,8285,Net Banking,Returned,2024-07-14
1175,37,2022-11-22,14458,Credit Card,Returned,2023-03-20
1176,187,2024-09-08,16306,Net Banking,Delivered,2023-02-01
1177,222,2023-03-20,13012,UPI,Delivered,2023-03-02
1178,245,2024-08-18,13360,UPI,Pending,2022-07-27
1179,243,2024-10-03,11358,Net Banking,Cancelled,2023-04-22
1180,221,2022-07-29,12582,Debit Card,Cancelled,2023-10-28
1181,4,2022-07-27,1943,Credit Card,Returned,2024-12-28
1182,201,2023-09-30,10904,COD,Delivered,2022-04-22
1183,178,2023-11-25,14210,Net Banking,Pending,2023-02-24
1184,188,2023-11-10,13022,Debit Card,Returned,2023-04-15
1185,173,2023-08-20,5212,Debit Card,Delivered,2024-01-29
1186,189,2022-02-24,1959,Net Banking,Pending,2023-05-22
1187,234,2024-01-25,16958,UPI,Cancelled,2023-06-11
1188,70,2024-12-11,13248,Credit Card,Returned,2024-01-27
1189,152,2022-12-29,1153,Net Banking,Pending,2023-01-30
1190,217,2024-03-30,16027,COD,Pending,2024-11-26
1191,95,2022-02-19,10119,Net Banking,Delivered,2023-07-22
1192,65,2022-03-13,19730,Credit Card,Pending,2024-05-07
1193,117,2022-04-22,5982,Debit Card,Delivered,2024-07-30
1194,8,2022-12-20,3360,Net Banking,Returned,2024-03-06
1195,20,2022-04-28,19450,Net Banking,Returned,2023-07-12
1196,59,2024-10-09,18675,Debit Card,Returned,2023-01-24
1197,80,2022-03-13,5415,Credit Card,Returned,2025-01-04
1198,166,2024-08-28,10528,Credit Card,Cancelled,2024-03-06
1199,69,2023-08-31,5507,Debit Card,Pending,2022-02-04
1200,141,2023-06-18,18499,Net Banking,Pending,2023-06-13
1201,122,2022-07-23,13965,UPI,Returned,2023-11-02
1202,62,2023-09-28,7473,COD,Returned,2024-05-17
1203,139,2023-03-19,14600,Net Banking,Pending,2023-06-07
1204,245,2023-03-11,6654,UPI,Delivered,2022-06-02
1205,10,2022-10-31,2258,Credit Card,Pending,2022-12-02
1206,157,2022-09-05,9167,Net Banking,Pending,2022-07-23
1207,8,2022-09-12,576,Credit Card,Returned,2022-09-29
1208,137,2023-11-04,17041,Credit Card,Delivered,2023-01-09
1209,177,2023-09-17,1000,UPI,Pending,2023-05-12
1210,67,2022-01-18,16689,Net Banking,Pending,2023-08-08
1211,162,2022-12-16,15929,Credit Card,Cancelled,2023-10-01
1212,110,2023-03-19,9652,Debit Card,Delivered,2024-07-19
1213,32,2022-02-15,8367,Credit Card,Delivered,2024-05-09
1214,35,2022-04-03,9924,Credit Card,Delivered,2024-04-04
1215,223,2024-08-30,4977,Credit Card,Pending,2024-09-08
1216,174,2023-12-04,1671,UPI,Returned,2024-05-29
1217,10,2022-12-29,7316,Credit Card,Cancelled,2024-11-03
1218,81,2022-12-27,15546,UPI,Cancelled,2024-12-14
1219,208,2023-02-19,14675,Credit Card,Cancelled,2022-10-06
1220,94,2024-05-08,11062,Net Banking,Returned,2023-07-30
1221,177,2024-05-15,4585,Debit Card,Delivered,2024-11-19
1222,74,2024-01-02,19525,Debit Card,Pending,2023-03-11
1223,23,2022-12-26,9441,Credit Card,Returned,2023-02-21
1224,153,2023-07-09,19890,UPI,Pending,2022-12-29
1225,209,2022-06-19,14926,Credit Card,Returned,2024-09-07
1226,187,2024-03-16,12071,COD,Cancelled,2023-08-02
1227,91,2023-06-07,5306,Net Banking,Delivered,2022-06-03
1228,234,2023-04-07,5722,Credit Card,Delivered,2024-09-15
1229,23,2022-04-21,4434,Net Banking,Delivered,2024-10-20
1230,66,2022-11-22,584,Net Banking,Returned,2022-12-07
1231,45,2023-06-07,16125,Credit Card,Cancelled,2022-03-28
1232,124,2023-02-27,7759,Debit Card,Returned,2024-11-26
1233,227,2022-10-16,10401,UPI,Returned,2023-10-23
1234,99,2022-07-03,14961,UPI,Delivered,2022-05-07
1235,160,2024-08-04,18341,UPI,Returned,2023-04-24
1236,64,2023-03-03,13146,Credit Card,Pending,2023-07-20
1237,156,2024-08-18,10088,COD,Pending,2023-06-03
1238,195,2023-03-07,8531,Credit Card,Pending,2024-06-06
1239,31,2024-10-30,16094,UPI,Cancelled,2022-05-21
1240,197,2024-08-30,19163,UPI,Returned,2023-06-24
1241,89,2024-04-07,9871,Net Banking,Delivered,2024-11-14
1242,35,2022-05-02,19749,Debit Card,Cancelled,2024-12-15
1243,156,2023-04-06,4429,Net Banking,Returned,2024-08-10
1244,94,2022-02-14,4627,COD,Cancelled,2022-03-21
1245,27,2024-01-24,13925,UPI,Returned,2023-05-15
1246,22,2024-01-11,2064,Credit Card,Returned,2022-06-04
1247,83,2023-12-29,8879,UPI,Delivered,2022-01-17
1248,194,2022-01-20,19076,UPI,Cancelled,2024-11-04
1249,172,2023-08-17,518,Net Banking,Delivered,2022-01-12
1250,85,2024-08-03,12379,UPI,Delivered,2022-05-21
