"month","revenue"
"2022-01",81765
"2022-02",71512
"2022-03",132184
"2022-04",66482
"2022-05",88030
"2022-06",34728
"2022-07",143365
"2022-08",85134
"2022-09",45096
"2022-10",37272
"2022-11",51858
"2022-12",108300
"2023-01",39064
"2023-02",115903
"2023-03",142558
"2023-04",46016
"2023-05",28998
"2023-06",78056
"2023-07",82472
"2023-08",68004
"2023-09",64388
"2023-10",18576
"2023-11",83353
"2023-12",72769
"2024-01",127713
"2024-02",53665
"2024-03",37673
"2024-04",93212
"2024-05",51735
"2024-06",10529
"2024-07",15615
"2024-08",157732
"2024-09",50611
"2024-10",104256
"2024-11",59022
"2024-12",91216
